"CommonComponent","CommonComponentDesc","CommonComponentDesc2","EffectiveFrom","EffectiveTo"
"-2","Not Applicable","NA","01 Aug 2004",""
"-1","Unknown","Un","01 Aug 2004",""
"1","Key Skills in Communication","KS Comm","01 Aug 2008",""
"2","Key Skills in Application of Number","KS App Number","01 Aug 2008",""
"3","Key Skills in Information and Communication Technology","KS ICT","01 Aug 2008",""
"4","Key Skills in Working with Others","KS Work Others","01 Aug 2008",""
"5","Key Skills in Improving Own Learning and Performance","KS Imp Own Lear Perf","01 Aug 2008",""
"6","Key Skills in Problem Solving","KS Prob Solve","01 Aug 2008",""
"10","Functional Skills Mathematics","FS Math","01 Aug 2008",""
"11","Functional Skills English","FS English","01 Aug 2008",""
"12","Functional Skills Information and Communication Technology","FS ICT","01 Aug 2008",""
"21","Project/Extended Project","Project","01 Aug 2008",""
"30","GCSE Mathematics","GCSE Math","01 Apr 2011",""
"31","GCSE English","GCSE English","01 Apr 2011",""
"32","GCSE Information & Communication Technology","GCSE ICT","01 Apr 2011",""
"33","iGCSE Mathematics","iGCSE Math","01 Aug 2015",""
"34","iGCSE English","iGCSE English","01 Aug 2015",""
"40","Additional Units for Micro Business","Add Unit Micro Bus","01 Aug 2012",""
