"DataSource","DataSourceDesc","DataSourceDesc2","EffectiveFrom","EffectiveTo"
"AWARDING_ORG","One of the Awarding Organisations","Awarding Org","01 Jan 2011",""
"DATA_SERVICE","The Data Service","Data Service","01 Jan 2011",""
"LAD","No Other Source Identified","Not Known","01 Jan 2011",""
"OFQUAL","Ofqual (The Office of Qualifications and Examinations Regulation)","Ofqual","01 Jan 2011",""
"PROVIDER","One of the Providers in the Education Sector","Provider","01 Jan 2011",""
"QAA","The Quality Assurance Agency for Higher Education","QAA","01 Jan 2011",""
"SFA","Skills Funding Agency","","01 Aug 2014",""
