"DiplomaLinesOfLearning","DiplomaLinesOfLearningDesc","DiplomaLinesOfLearningDesc2","EffectiveFrom","EffectiveTo"
"BAF","Business, Administration and Finance","Bus, Admin & Fin","21 Aug 2009",""
"CBE","Construction and the Built Environment","Const & Built Env","01 Aug 2008",""
"CM","Creative and Media","Creat & Media","01 Aug 2008",""
"ELBS","Environmental and Land Based Studies","Env & Land Based Stud","21 Aug 2009",""
"ENGIN","Engineering","Engineering","01 Aug 2008",""
"HBS","Hair and Beauty Studies","Hair & Beauty Stud","21 Aug 2009",""
"HOS","Hospitality","Hospitality","21 Aug 2009",""
"IT","Information Technology","Info Tech","01 Aug 2008",""
"MPD","Manufacturing and Product Design","Manuf & Prod Design","21 Aug 2009",""
"PS","Public Services","Public Svcs","21 Apr 2010",""
"RTB","Retail Business","Retail Bus","21 Apr 2010",""
"SAL","Sport and Active Leisure","Sport & Active Leisure","21 Apr 2010",""
"SHD","Society, Health and Development","Soc, Hlth & Dev","01 Aug 2008",""
"TT","Travel and Tourism","Travel & Tourism","21 Apr 2010",""
"U","Unknown","Unknown","01 Aug 2008",""
"X","Not Applicable","Not App","01 Aug 2008",""
