"FrameworkComponentType","FrameworkComponentTypeDesc","FrameworkComponentTypeDesc2","EffectiveFrom","EffectiveTo"
"-2","Not Applicable","NA","26 Mar 2001",""
"-1","Unknown","Unknown","01 Aug 2008",""
"1","Competency Element within an Apprenticeship","Competency Element","01 Aug 2008",""
"2","Knowledge Element within an Apprenticeship","Knowledge Element","01 Aug 2008",""
"3","Aim Suitable as a Main Aim or Technical Certificate within an Apprenticeship","Main Aim/  Tech Cert","10 Jul 2012",""
"101","Principal Learning within Diploma","Principal Learning","01 Aug 2008",""
"102","Diploma Qualification","Diploma Qual","01 Aug 2008",""
"201","Personal and Social Development within a Progression Pathway","Personal & Social Dev","01 Aug 2008",""
"202","Vocational Learning within a Progression Pathway","Vocational Learning","01 Aug 2008",""
"203","Combination of Personal and Social Development and Vocational learning within a Progression Pathway","Pers, Soc Dev & Voc Learn","01 Aug 2008",""
"205","Language","Language","21 Aug 2009",""
"206","Subject","Subject","09 Sep 2010",""
