"FundingCategory","FundingCategoryDesc","FundingCategoryDesc2","EffectiveFrom","EffectiveTo"
"24+Loan","24+ Advanced learning Loa","24+ Advanced learning Loans","01 Aug 2012",""
"ADULT_LR","Adult Learner Responsive","Adult Learner Responsive","01 Aug 2012",""
"APP_ACT_COST","Apprenticeship (Activity","Apprenticeship (Activity Costs)","01 Aug 2012",""
"ER_OTHER","Employer Responsive (Othe","Employer Responsive (Other)","01 Aug 2012",""
"ESF","European Social Fund","European Social Fund","01 Aug 2015",""
"Matrix","Matrix","Matrix","01 Aug 2012",""
"OLASS_ADULT","Offenders Learning and Sk","Offenders Learning and Skills Service (Adult)","01 Aug 2012",""
"StandardTblazer","Standard Trailblazer","Standard Trailblazer","01 Aug 2014",""
