"OfqualSubPurpose","OfqualSubPurposeDesc","OfqualSubPurposeDesc2","EffectiveFrom","EffectiveTo"
"A1","Recognise Development of Skills for Life","Rec Dev of Skills for Life","01 Jan 2011",""
"A2","Recognise Development of Knowledge and/or Skills to Operate Independently and Effective in Life, Learning and Work","Rec Dev of Know/ Skills Op Indep & Eff","01 Jan 2011",""
"A3","Recognise Development of Personal Skills and/or Knowledge","Rec Dev of Pers Skills/ Know","01 Jan 2011",""
"A4","Recognise Development of Employability Skills and/or Knowledge","Rec Dev of Emp Skills/ Know","01 Jan 2011",""
"B1","Prepare for Further Learning or Training","Prep Furth Learn/ Train","01 Jan 2011",""
"B2","Develop Knowledge and/or Skills in a Subject Area","Dev Know /Skills in a SA","01 Jan 2011",""
"C1","Prepare for Employment in a Broad Occupational Area","Prep Emp in Broad Occup Area","01 Jan 2011",""
"C2","Prepare for Employment in a Specific Occupational Area","Prep for Emp in Spec Occup Area","01 Jan 2011",""
"D1","Confirm Competence in an Occupational Role to The Standards Required","Confirm Comp in Occup Role","01 Jan 2011",""
"D2","Confirm The Ability to Meet a Licence to Practice or Other Legal Requirements Made by The Relevant Sector, Professional or Industry Body","Confirm Ability to Meet Legal Requirements","01 Jan 2011",""
"E1","Update Knowledge and/or Skills Relating to Legal, Technical, Process or Best Practice Changes/requirements","Update Know/ Skills Legal, Tech, Process, Best Prac","01 Jan 2011",""
"E2","Develop Knowledge and/or Skills in Order to Gain Recognition at a Higher Level or Any Different Role","Dev Know/ Skills Gain Recog at Higher Level/ Diff Role","01 Jan 2011",""
"E3","Develop Knowledge and/or Skills Relevant to a Particular Specialisation Within an Occupation or Set of Occupations","Dev Know/ Skills to Partic Spec in Occup","01 Jan 2011",""
"U","Unknown","Unknown","01 Aug 2011",""
"UU","Unknown","Unknown","01 Aug 2011",""
"X","Not Applicable/ Not Known","Not App","01 Aug 2011",""
"XX","Not Applicable/ Not Known","Not App","01 Aug 2011",""
