"OfqualPurpose","OfqualPurposeDesc","OfqualPurposeDesc2","EffectiveFrom","EffectiveTo"
"A","Recognise Personal Growth And Engagement In Learning","Rec Prsnl Growth & Eng In Learning","01 Jan 2011",""
"B","Prepare For Further Learning Or Training And/Or Develop Knowledge And/Or Skills In A Subject Area","Prep Furth Learn /Train /Dev Knwl /Skills In SA","01 Jan 2011",""
"C","Prepare For Employment","Prep For Emp","01 Jan 2011",""
"D","Confirm Occupational Competence And/Or Licence To Practice","Confirm Occ Comp /Licence To Pract","01 Jan 2011",""
"E","Updating And Continuing Professional Development (CPD)","Updating & CPD","01 Jan 2011",""
"UU","Unknown","Unknown","01 Aug 2011",""
"X1","None","None","01 Jan 2011",""
"XX","Not Applicable","Not App","01 Aug 2011",""
