"Section96ApprovalStatus","Section96ApprovalStatusDesc","Section96ApprovalStatusDesc2","EffectiveFrom","EffectiveTo"
"-2","Not Applicable","Not App","01 Jan 2011",""
"-1","Unknown","Unknown","01 Jan 2011",""
"0","Not Approved on Section 96","Not Approved","01 Jan 2011",""
"1","Approved on Section 96 - Check Section 96 Website","Approved","01 Jan 2011",""
"6","Component Of Section 96- Approved Qualification","Component","01 Jan 2011",""
"11","Approved on Section 96 in a Previous Year","Approved Prev","01 Jan 2011",""
"16","Component Of a Qualification Approved on Section 96 in a Previous Year","Comp Apprvd Prev","01 Jan 2011",""
