"SFAApprovalStatus","SFAApprovalStatusDesc","SFAApprovalStatusDesc2","EffectiveFrom","EffectiveTo"
"-2","Not Applicable","Not App","01 Aug 2012",""
"-1","Unknown","Unknown","01 Jan 2004",""
"1","Confirmed for Funding","Confirmed","01 Apr 2010",""
"2","Conditional Confirmation for Funding","Conditional","01 Apr 2010",""
"3","No Longer Confirmed for Funding","No Longer","01 Apr 2010",""
"4","Not Approved for New Starts","Not New Starts","01 Aug 2012",""
"9","Not in use","Not in use","01 Apr 2010",""
