"StandardCode","ValidityCategory","StartDate","LastNewStartDate","EndDate","Created_On","Created_By","Modified_On","Modified_By"
"1","Standard_Trailblazer","01 Aug 2014","","","09 Jul 2015","goodmand","09 Jul 2015","goodmand"
"2","Standard_Trailblazer","01 Aug 2014","","","09 Jul 2015","goodmand","09 Jul 2015","goodmand"
"3","Standard_Trailblazer","01 Aug 2014","","","09 Jul 2015","goodmand","09 Jul 2015","goodmand"
"4","Standard_Trailblazer","01 Aug 2014","","","09 Jul 2015","goodmand","09 Jul 2015","goodmand"
"5","Standard_Trailblazer","01 Aug 2015","","","16 Sep 2015","fisherk","16 Sep 2015","fisherk"
"6","Standard_Trailblazer","01 Aug 2014","","","09 Jul 2015","goodmand","09 Jul 2015","goodmand"
"7","Standard_Trailblazer","01 Aug 2014","","","09 Jul 2015","goodmand","09 Jul 2015","goodmand"
"8","Standard_Trailblazer","01 Aug 2014","","","09 Jul 2015","goodmand","09 Jul 2015","goodmand"
"9","Standard_Trailblazer","01 Aug 2014","","","09 Jul 2015","goodmand","09 Jul 2015","goodmand"
"10","Standard_Trailblazer","01 Aug 2014","","","09 Jul 2015","goodmand","09 Jul 2015","goodmand"
"11","Standard_Trailblazer","01 Aug 2014","","","09 Jul 2015","goodmand","14 Sep 2016","goodmand"
"12","Standard_Trailblazer","01 Aug 2014","","","09 Jul 2015","goodmand","14 Sep 2016","goodmand"
"13","Standard_Trailblazer","01 Aug 2014","","","09 Jul 2015","goodmand","14 Sep 2016","goodmand"
"14","Standard_Trailblazer","18 Mar 2015","","","09 Jul 2015","goodmand","09 Jul 2015","goodmand"
"15","Standard_Trailblazer","18 Mar 2015","","","09 Jul 2015","goodmand","09 Jul 2015","goodmand"
"16","Standard_Trailblazer","18 Mar 2015","","","09 Jul 2015","goodmand","09 Jul 2015","goodmand"
"17","Standard_Trailblazer","26 Mar 2015","","","09 Jul 2015","goodmand","09 Jul 2015","goodmand"
"18","Standard_Trailblazer","26 Mar 2015","","","09 Jul 2015","goodmand","09 Jul 2015","goodmand"
"19","Standard_Trailblazer","26 Mar 2015","","","09 Jul 2015","goodmand","09 Jul 2015","goodmand"
"20","Standard_Trailblazer","26 Mar 2015","","","09 Jul 2015","goodmand","09 Jul 2015","goodmand"
"21","Standard_Trailblazer","26 Mar 2015","","","09 Jul 2015","goodmand","09 Jul 2015","goodmand"
"22","Standard_Trailblazer","26 Mar 2015","","","09 Jul 2015","goodmand","09 Jul 2015","goodmand"
"23","Standard_Trailblazer","26 Mar 2015","","","09 Jul 2015","goodmand","09 Jul 2015","goodmand"
"24","Standard_Trailblazer","26 Mar 2015","","","09 Jul 2015","goodmand","09 Jul 2015","goodmand"
"25","Standard_Trailblazer","26 Mar 2015","","","09 Jul 2015","goodmand","09 Jul 2015","goodmand"
"26","Standard_Trailblazer","01 Aug 2015","","","03 Sep 2015","fisherk","03 Sep 2015","fisherk"
"27","Standard_Trailblazer","01 Aug 2015","","","03 Sep 2015","fisherk","03 Sep 2015","fisherk"
"28","Standard_Trailblazer","01 Aug 2015","","","03 Sep 2015","fisherk","03 Sep 2015","fisherk"
"29","Standard_Trailblazer","01 Aug 2015","","","03 Sep 2015","fisherk","03 Sep 2015","fisherk"
"30","Standard_Trailblazer","01 Aug 2015","","","03 Sep 2015","fisherk","03 Sep 2015","fisherk"
"31","Standard_Trailblazer","01 Aug 2015","","","03 Sep 2015","fisherk","03 Sep 2015","fisherk"
"32","Standard_Trailblazer","01 Aug 2015","","","03 Sep 2015","fisherk","03 Sep 2015","fisherk"
"33","Standard_Trailblazer","01 Aug 2015","","","03 Sep 2015","fisherk","03 Sep 2015","fisherk"
"34","Standard_Trailblazer","01 Aug 2015","","","03 Sep 2015","fisherk","03 Sep 2015","fisherk"
"35","Standard_Trailblazer","01 Aug 2015","","","03 Sep 2015","fisherk","03 Sep 2015","fisherk"
"36","Standard_Trailblazer","01 Aug 2015","","","03 Sep 2015","fisherk","03 Sep 2015","fisherk"
"37","Standard_Trailblazer","01 Aug 2015","","","03 Sep 2015","fisherk","03 Sep 2015","fisherk"
"38","Standard_Trailblazer","01 Aug 2015","","","03 Sep 2015","fisherk","03 Sep 2015","fisherk"
"39","Standard_Trailblazer","01 Aug 2015","","","03 Sep 2015","fisherk","03 Sep 2015","fisherk"
"40","Standard_Trailblazer","01 Aug 2015","","","03 Sep 2015","fisherk","03 Sep 2015","fisherk"
"41","Standard_Trailblazer","01 Aug 2015","","","03 Sep 2015","fisherk","03 Sep 2015","fisherk"
"42","Standard_Trailblazer","01 Aug 2015","","","03 Sep 2015","fisherk","03 Sep 2015","fisherk"
"43","Standard_Trailblazer","01 Aug 2015","","","03 Sep 2015","fisherk","03 Sep 2015","fisherk"
"44","Standard_Trailblazer","01 Aug 2015","","","03 Sep 2015","fisherk","03 Sep 2015","fisherk"
"45","Standard_Trailblazer","01 Aug 2015","","","03 Sep 2015","fisherk","03 Sep 2015","fisherk"
"46","Standard_Trailblazer","01 Aug 2015","","","03 Sep 2015","fisherk","03 Sep 2015","fisherk"
"47","Standard_Trailblazer","01 Aug 2015","","","03 Sep 2015","fisherk","03 Sep 2015","fisherk"
"48","Standard_Trailblazer","01 Aug 2015","","","16 Sep 2015","fisherk","16 Sep 2015","fisherk"
"49","Standard_Trailblazer","01 Aug 2015","","","16 Sep 2015","fisherk","16 Sep 2015","fisherk"
"50","Standard_Trailblazer","01 Aug 2015","","","16 Sep 2015","fisherk","16 Sep 2015","fisherk"
"51","Standard_Trailblazer","01 Aug 2015","","","16 Sep 2015","fisherk","16 Sep 2015","fisherk"
"52","Standard_Trailblazer","01 Aug 2015","","","16 Sep 2015","fisherk","16 Sep 2015","fisherk"
"53","Standard_Trailblazer","01 Aug 2015","","","06 Oct 2015","fisherk","06 Oct 2015","fisherk"
"54","Standard_Trailblazer","01 Aug 2015","","","06 Oct 2015","fisherk","06 Oct 2015","fisherk"
"55","Standard_Trailblazer","01 Aug 2015","","","07 Oct 2015","fisherk","07 Oct 2015","fisherk"
"56","Standard_Trailblazer","01 Aug 2015","","","22 Oct 2015","fisherk","22 Oct 2015","fisherk"
"57","Standard_Trailblazer","01 Aug 2015","","","22 Oct 2015","fisherk","22 Oct 2015","fisherk"
"58","Standard_Trailblazer","01 Aug 2015","","","22 Oct 2015","fisherk","22 Oct 2015","fisherk"
"59","Standard_Trailblazer","01 Aug 2015","","","22 Oct 2015","fisherk","22 Oct 2015","fisherk"
"60","Standard_Trailblazer","01 Aug 2015","","","04 Nov 2015","fisherk","04 Nov 2015","fisherk"
"61","Standard_Trailblazer","01 Aug 2015","","","13 Nov 2015","fisherk","13 Nov 2015","fisherk"
"62","Standard_Trailblazer","01 Aug 2015","","","20 Nov 2015","fisherk","20 Nov 2015","fisherk"
"63","Standard_Trailblazer","01 Aug 2015","","","20 Nov 2015","fisherk","20 Nov 2015","fisherk"
"64","Standard_Trailblazer","01 Aug 2015","","","04 Dec 2015","fisherk","04 Dec 2015","fisherk"
"65","Standard_Trailblazer","01 Aug 2015","","","04 Dec 2015","fisherk","04 Dec 2015","fisherk"
"66","Standard_Trailblazer","01 Aug 2015","","","04 Dec 2015","fisherk","04 Dec 2015","fisherk"
"67","Standard_Trailblazer","01 Aug 2015","","","04 Dec 2015","fisherk","04 Dec 2015","fisherk"
"68","Standard_Trailblazer","01 Aug 2015","","","04 Dec 2015","fisherk","04 Dec 2015","fisherk"
"69","Standard_Trailblazer","01 Aug 2015","","","24 Dec 2015","fisherk","24 Dec 2015","fisherk"
"70","Standard_Trailblazer","01 Aug 2015","","","24 Dec 2015","fisherk","24 Dec 2015","fisherk"
"71","Standard_Trailblazer","01 Aug 2015","","","24 Dec 2015","fisherk","24 Dec 2015","fisherk"
"72","Standard_Trailblazer","01 Aug 2015","","","05 Feb 2016","fisherk","05 Feb 2016","fisherk"
"73","Standard_Trailblazer","01 Aug 2015","","","05 Feb 2016","fisherk","05 Feb 2016","fisherk"
"74","Standard_Trailblazer","01 Aug 2015","","","05 Feb 2016","fisherk","05 Feb 2016","fisherk"
"75","Standard_Trailblazer","01 Aug 2015","","","17 Feb 2016","fisherk","17 Feb 2016","fisherk"
"76","Standard_Trailblazer","01 Aug 2015","","","25 Feb 2016","fisherk","25 Feb 2016","fisherk"
"77","Standard_Trailblazer","01 Aug 2015","","","11 Mar 2016","fisherk","11 Mar 2016","fisherk"
"78","Standard_Trailblazer","01 Aug 2015","","","01 Apr 2016","fisherk","01 Apr 2016","fisherk"
"79","Standard_Trailblazer","01 Aug 2015","","","01 Apr 2016","fisherk","01 Apr 2016","fisherk"
"80","Standard_Trailblazer","01 Aug 2015","","","01 Apr 2016","fisherk","01 Apr 2016","fisherk"
"81","Standard_Trailblazer","01 Aug 2015","","","01 Apr 2016","fisherk","01 Apr 2016","fisherk"
"82","Standard_Trailblazer","01 Aug 2015","","","01 Apr 2016","fisherk","01 Apr 2016","fisherk"
"83","Standard_Trailblazer","01 Aug 2015","","","07 Apr 2016","fisherk","07 Apr 2016","fisherk"
"84","Standard_Trailblazer","01 Aug 2015","","","07 Apr 2016","fisherk","07 Apr 2016","fisherk"
"85","Standard_Trailblazer","01 Aug 2015","","","07 Apr 2016","fisherk","07 Apr 2016","fisherk"
"86","Standard_Trailblazer","01 Aug 2015","","","27 Apr 2016","fisherk","27 Apr 2016","fisherk"
"87","Standard_Trailblazer","01 Aug 2015","","","27 Apr 2016","fisherk","27 Apr 2016","fisherk"
"88","Standard_Trailblazer","01 Aug 2015","","","27 Apr 2016","fisherk","27 Apr 2016","fisherk"
"89","Standard_Trailblazer","01 Aug 2015","","","27 Apr 2016","fisherk","27 Apr 2016","fisherk"
"90","Standard_Trailblazer","01 Aug 2015","","","27 Apr 2016","fisherk","27 Apr 2016","fisherk"
"91","Standard_Trailblazer","01 Aug 2015","","","27 Apr 2016","fisherk","27 Apr 2016","fisherk"
"92","Standard_Trailblazer","01 Aug 2015","","","04 May 2016","fisherk","04 May 2016","fisherk"
"93","Standard_Trailblazer","01 Aug 2015","","","04 May 2016","fisherk","04 May 2016","fisherk"
"94","Standard_Trailblazer","01 Aug 2015","","","04 May 2016","fisherk","04 May 2016","fisherk"
"95","Standard_Trailblazer","01 Aug 2015","","","04 May 2016","fisherk","04 May 2016","fisherk"
"96","Standard_Trailblazer","01 Aug 2015","","","04 May 2016","fisherk","04 May 2016","fisherk"
"97","Standard_Trailblazer","01 Aug 2015","","","16 May 2016","fisherk","16 May 2016","fisherk"
"98","Standard_Trailblazer","01 Aug 2015","","","16 May 2016","fisherk","16 May 2016","fisherk"
"99","Standard_Trailblazer","01 Aug 2015","","","16 May 2016","fisherk","16 May 2016","fisherk"
"100","Standard_Trailblazer","01 Aug 2015","","","16 May 2016","fisherk","16 May 2016","fisherk"
"101","Standard_Trailblazer","01 Aug 2015","","","20 May 2016","robinsonsar","20 May 2016","robinsonsar"
"102","Standard_Trailblazer","01 Aug 2015","","","20 May 2016","robinsonsar","20 May 2016","robinsonsar"
"103","Standard_Trailblazer","01 Aug 2015","","","20 May 2016","robinsonsar","20 May 2016","robinsonsar"
"104","Standard_Trailblazer","01 Aug 2015","","","02 Jun 2016","fisherk","02 Jun 2016","fisherk"
"105","Standard_Trailblazer","01 Aug 2015","","","02 Jun 2016","fisherk","02 Jun 2016","fisherk"
"106","Standard_Trailblazer","01 Aug 2015","","","02 Jun 2016","fisherk","02 Jun 2016","fisherk"
"107","Standard_Trailblazer","01 Aug 2015","","","10 Jun 2016","robinsonsar","10 Jun 2016","robinsonsar"
"108","Standard_Trailblazer","01 Aug 2015","","","10 Jun 2016","robinsonsar","10 Jun 2016","robinsonsar"
"109","Standard_Trailblazer","01 Aug 2015","","","12 Jul 2016","fisherk","12 Jul 2016","fisherk"
"110","Standard_Trailblazer","01 Aug 2015","","","12 Jul 2016","fisherk","12 Jul 2016","fisherk"
"111","Standard_Trailblazer","01 Aug 2015","","","12 Jul 2016","fisherk","12 Jul 2016","fisherk"
"112","Standard_Trailblazer","01 Aug 2015","","","12 Jul 2016","fisherk","12 Jul 2016","fisherk"
"113","Standard_Trailblazer","01 Aug 2015","","","30 Jun 2016","robinsonsar","30 Jun 2016","robinsonsar"
"114","Standard_Trailblazer","01 Aug 2015","","","30 Jun 2016","robinsonsar","30 Jun 2016","robinsonsar"
"115","Standard_Trailblazer","01 Aug 2015","","","30 Jun 2016","robinsonsar","30 Jun 2016","robinsonsar"
"116","Standard_Trailblazer","01 Aug 2015","","","07 Jul 2016","guinivas","07 Jul 2016","guinivas"
"117","Standard_Trailblazer","01 Aug 2015","","","22 Jul 2016","robinsonsar","22 Jul 2016","robinsonsar"
"118","Standard_Trailblazer","01 Aug 2015","","","22 Jul 2016","robinsonsar","22 Jul 2016","robinsonsar"
"119","Standard_Trailblazer","01 Aug 2015","","","22 Jul 2016","robinsonsar","22 Jul 2016","robinsonsar"
"120","Standard_Trailblazer","01 Aug 2015","","","22 Jul 2016","robinsonsar","22 Jul 2016","robinsonsar"
"121","Standard_Trailblazer","01 Aug 2015","","","01 Aug 2016","robinsonsar","01 Aug 2016","robinsonsar"
"122","Standard_Trailblazer","01 Aug 2015","","","01 Aug 2016","robinsonsar","01 Aug 2016","robinsonsar"
"123","Standard_Trailblazer","01 Aug 2016","","","15 Aug 2016","robinsonsar","15 Aug 2016","robinsonsar"
"124","Standard_Trailblazer","01 Aug 2016","","","15 Aug 2016","robinsonsar","15 Aug 2016","robinsonsar"
"125","Standard_Trailblazer","01 Aug 2016","","","15 Aug 2016","robinsonsar","15 Aug 2016","robinsonsar"
"126","Standard_Trailblazer","01 Aug 2016","","","15 Aug 2016","robinsonsar","15 Aug 2016","robinsonsar"
"127","Standard_Trailblazer","01 Aug 2016","","","19 Aug 2016","robinsonsar","19 Sep 2016","robinsonsar"
"128","Standard_Trailblazer","01 Aug 2016","","","19 Aug 2016","robinsonsar","19 Aug 2016","robinsonsar"
"129","Standard_Trailblazer","01 Aug 2016","","","26 Aug 2016","fisherk","26 Aug 2016","fisherk"
"130","Standard_Trailblazer","01 Aug 2016","","","26 Aug 2016","fisherk","26 Aug 2016","fisherk"
"131","Standard_Trailblazer","01 Aug 2016","","","26 Aug 2016","fisherk","26 Aug 2016","fisherk"
"132","Standard_Trailblazer","01 Aug 2016","","","26 Aug 2016","fisherk","26 Aug 2016","fisherk"
"133","Standard_Trailblazer","01 Aug 2016","","","13 Sep 2016","robinsonsar","13 Sep 2016","robinsonsar"
"134","Standard_Trailblazer","01 Aug 2016","","","13 Sep 2016","robinsonsar","13 Sep 2016","robinsonsar"
"135","Standard_Trailblazer","01 Aug 2016","","","13 Sep 2016","robinsonsar","13 Sep 2016","robinsonsar"
"136","Standard_Trailblazer","01 Aug 2016","","","13 Sep 2016","robinsonsar","13 Sep 2016","robinsonsar"
"137","Standard_Trailblazer","01 Aug 2016","","","13 Sep 2016","robinsonsar","13 Sep 2016","robinsonsar"
"138","Standard_Trailblazer","01 Aug 2016","","","13 Sep 2016","robinsonsar","13 Sep 2016","robinsonsar"
"139","Standard_Trailblazer","01 Aug 2016","","","13 Sep 2016","robinsonsar","13 Sep 2016","robinsonsar"
"140","Standard_Trailblazer","01 Aug 2016","","","13 Sep 2016","robinsonsar","13 Sep 2016","robinsonsar"
"141","Standard_Trailblazer","01 Aug 2016","","","19 Sep 2016","robinsonsar","19 Sep 2016","robinsonsar"
"142","Standard_Trailblazer","01 Aug 2016","","","19 Sep 2016","robinsonsar","19 Sep 2016","robinsonsar"
"143","Standard_Trailblazer","01 Aug 2016","","","19 Sep 2016","robinsonsar","19 Sep 2016","robinsonsar"
"144","Standard_Trailblazer","01 Aug 2016","","","19 Sep 2016","robinsonsar","19 Sep 2016","robinsonsar"
"145","Standard_Trailblazer","01 Aug 2016","","","19 Sep 2016","robinsonsar","19 Sep 2016","robinsonsar"
