"UKCESSector","UKCESSectorDesc","UKCESSectorDesc2","EffectiveFrom","EffectiveTo"
"-2","Not Applicable","Not App","01 Aug 2011",""
"-1","Unknown","Unknown","01 Jan 2004",""
"1","Facilities Management, Housing, Property, Planning & Cleaning","Fac Manage, Hous, Prop, Plan & Clean","01 Aug 2011",""
"2","Automotive Industries","Automotive Industries","01 Aug 2011",""
"3","Chemicals, Life Sciences, Pharmaceuticals, Nuclear, Oil, Gas, Petroleum, Polymer","Chem, LSci, Pharm, Nuc, Oil, Gas, Pet, Poly","01 Aug 2011",""
"4","Construction","Construction","01 Aug 2011",""
"5","Creative & Cultural","Creative & Cultural","01 Aug 2011",""
"6","Energy & Utility","Energy & Utility","01 Aug 2011",""
"7","Business Information Technology & Telecommunication","Bus Info Tech & Telecom","01 Aug 2011",""
"8","Finance, Accountancy & Financial Services","Fin, Account & Fin Svces","01 Aug 2011",""
"9","Passenger Transport","Passenger Transport","01 Aug 2011",""
"10","Central Government including Armed Forces","Central Gov inc Armed Forces","01 Aug 2011",""
"11","Food & Drink","Food & Drink","01 Aug 2011",""
"12","Land-Based & Environmental Industries","Land-Based & Environ Inds","01 Aug 2011",""
"13","Lifelong Learning","Lifelong Learning","01 Aug 2011",""
"14","Hospitality, Leisure, Travel & Tourism","Hosp, Leis, Travel & Tourism","01 Aug 2011",""
"15","Process & Manufacturing","Process & Manuf","01 Aug 2011",""
"16","Fashion & Textiles","Fashion & Textiles","01 Aug 2011",""
"17","Active Leisure, Learning & Well-Being","Active Leisure, Lear & Well-Being","01 Aug 2011",""
"18","Healthcare","Healthcare","01 Aug 2011",""
"19","Freight Logistics & Wholesale","Freight Logistics & Wholesale","01 Aug 2011",""
"20","Science, Engineering & Manufacturing Technologies","Sci, Eng & Manuf Tech","01 Aug 2011",""
"21","Creative Media","Creative Media","01 Aug 2011",""
"22","Adult Social Care","Adult Social Care","01 Aug 2011",""
"23","Justice & Community Safety","Justice & Comm Safety","01 Aug 2011",""
"24","Retail","Retail","01 Aug 2011",""
"25","Building Services Engineering","Building Svces Eng","01 Aug 2011",""
"26","Hair & Beauty","Hair & Beauty","01 Aug 2011",""
"27","Business, Administration & Governance","Bus, Admin & Governance","01 Aug 2011",""
"28","Security Industry","Security Industry","01 Aug 2011",""
"29","Customer Service & Contact Centre","Cust Svce & Contact Cent","01 Aug 2011",""
"30","Engineering Construction Industry","Engineering Construction Industry","01 Aug 2011",""
"31","Enterprise & Small Business","Enterprise & Small Business","01 Aug 2011",""
"32","Management & Leadership (including HR & Recruitment)","Manage & Lead (inc HR & Recruit)","01 Aug 2011",""
"33","Marketing & Sales","Marketing & Sales","01 Aug 2011",""
"34","Maritime","Maritime","01 Aug 2011",""
"35","Supporting Teaching & Learning in Schools","Support Teach & Learn in Schools","01 Aug 2011",""
"36","Purchasing & Supply","Purchasing & Supply","01 Aug 2011",""
"37","Children & Young People","Children & Young People","01 Aug 2011",""
"38","Remove","Remove","01 Aug 2011",""
"39","Languages & Intercultural Working","Lang & Intercult Working","01 Aug 2011",""
"41","Health & Safety","Health & Safety","01 Aug 2011",""
"42","Adult Social Care/Healthcare","Adult Soc /Health Care","01 Aug 2011",""
"43","Hospitality, Leisure, Travel & Tourism/Retail","Hosp, Leisure, Travel & Tourism/Retail","01 Aug 2011",""
"44","Facilities Management, Housing, Property, Planning & Cleaning/Construction","Fac Manage, Hous, Prop, Plan & Clean/Const","01 Aug 2011",""
"45","Hospitality, Leisure, Travel & Tourism/Active Leisure, Learning & Well-being","Hosp, Leis, Trav & Tour/Act Leis, Learn & Well-B","01 Aug 2011",""
"46","Construction/Process & Manufacturing","Construction/Process & Manufacturing","01 Aug 2011",""
"47","Business Information Technology & Telecommunication/Creative Media","Bus Info Tech & Telecom/ Creative Media","01 Aug 2011",""
"48","Creative & Cultural/Creative Media","Creative & Cultural/Creative Media","01 Aug 2011",""
"49","Business Information Technology & Telecommunication/Business, Administration & Governance","Bus Info Tech & Telecom/ Bus Admin & Gov","01 Aug 2011",""
"50","Automotive Industries/Customer Service & Contact Centre","Auto Inds/Cust Svce & Contct Centre","01 Aug 2011",""
"51","Parking","Parking","01 Aug 2011",""
"52","Voluntary Sector","Voluntary Sector","01 Aug 2011",""
"53","Employability","Employability","01 Aug 2011",""
"54","Industrial Relations","Industrial Relations","01 Aug 2011",""
"55","Local Government","Local Government","01 Aug 2011",""
