"UKCESSubSector","UKCESSubSectorDesc","UKCESSubSectorDesc2","EffectiveFrom","EffectiveTo"
"1","Cleaning","Cleaning","01 Aug 2011",""
"10","Polymers","Polymers","01 Aug 2011",""
"11","Construction Site Management","Construction Site Management","01 Aug 2011",""
"12","Senior Crafts","Senior Crafts","01 Aug 2011",""
"13","Tunnelling Operations","Tunnelling Operations","01 Aug 2011",""
"14","Craft","Craft","01 Aug 2011",""
"15","Cultural Heritage","Cultural Heritage","01 Aug 2011",""
"16","Cultural Heritage - Cultural Heritage and Venue Operations","Cult Herit & Venue Ops","01 Aug 2011",""
"17","Music - Performance","Music - Performance","01 Aug 2011",""
"18","Electricity","Electricity","01 Aug 2011",""
"19","Gas Downstream","Gas Downstream","01 Aug 2011",""
"1A","Gas Upstream","Gas Upstream","01 Aug 2011",""
"1B","Recycling","Recycling","01 Aug 2011",""
"1C","Waste Management and Operations","Waste Manage & Ops","01 Aug 2011",""
"1D","Water","Water","01 Aug 2011",""
"1E","IT Professionals","IT Professionals","01 Aug 2011",""
"1F","IT Users","IT Users","01 Aug 2011",""
"2","Energy Assessment and Certification","Energy Assess & Cert","01 Aug 2011",""
"20","Accountancy","Accountancy","01 Aug 2011",""
"21","Book-Keeping","Book-Keeping","01 Aug 2011",""
"22","Credit, Finance and Leasing","Credit, Finance & Leasing","01 Aug 2011",""
"23","Financial Advice","Financial Advice","01 Aug 2011",""
"24","Investment and Fund Management","Invest & Fund Manage","01 Aug 2011",""
"25","Payroll","Payroll","01 Aug 2011",""
"26","Pensions","Pensions","01 Aug 2011",""
"27","Personal Finance / Financial Capability","Personal Finance","01 Aug 2011",""
"28","Retail Banking","Retail Banking","01 Aug 2011",""
"29","Retail Insurance","Retail Insurance","01 Aug 2011",""
"2A","Wholesale Banking","Wholesale Banking","01 Aug 2011",""
"2B","Wholesale Insurance","Wholesale Insurance","01 Aug 2011",""
"2C","Engineering","Engineering","01 Aug 2011",""
"2D","Transport Operations & Maintenance","Transport Ops & Maint","01 Aug 2011",""
"2E","Armed Forces","Armed Forces","01 Aug 2011",""
"2F","Operational Delivery","Operational Delivery","01 Aug 2011",""
"3","Housing","Housing","01 Aug 2011",""
"30","Policy Delivery","Policy Delivery","01 Aug 2011",""
"31","Tax Profession","Tax Profession","01 Aug 2011",""
"32","Animal Feeds","Animal Feeds","01 Aug 2011",""
"33","Bakery","Bakery","01 Aug 2011",""
"34","Cereals & Milling","Cereals & Milling","01 Aug 2011",""
"35","Convenience Foods","Convenience Foods","01 Aug 2011",""
"36","Dairy","Dairy","01 Aug 2011",""
"37","Drinks","Drinks","01 Aug 2011",""
"38","Fresh Produce","Fresh Produce","01 Aug 2011",""
"39","Ingredients Production","Ingredients Prod","01 Aug 2011",""
"3A","Meat & Poultry","Meat & Poultry","01 Aug 2011",""
"3B","Oils & Fats","Oils & Fats","01 Aug 2011",""
"3C","Seafood","Seafood","01 Aug 2011",""
"3D","Sweet & Confectionery","Sweet & Confectionery","01 Aug 2011",""
"3E","Wholesale of Fish, Crustaceans & Molluscs","Wholesale Fish","01 Aug 2011",""
"3F","Environmental Conservation","Environ Conservation","01 Aug 2011",""
"4","Property","Property","01 Aug 2011",""
"40","Environmental Management","Environ Manage","01 Aug 2011",""
"41","Equine","Equine","01 Aug 2011",""
"42","Adult & Community Learning","Adult & Comm Learn","01 Aug 2011",""
"43","Coaching & Mentoring","Coaching & Mentoring","01 Aug 2011",""
"44","Further Education","Further Education","01 Aug 2011",""
"45","Library, Archives & Information","Library, Archives & Info","01 Aug 2011",""
"46","Work Based Learning","Work Based Learning","01 Aug 2011",""
"47","Work with Parents","Work with Parents","01 Aug 2011",""
"48","Youth Work","Youth Work","01 Aug 2011",""
"49","Contract Food Service Providers","Contract Food Svce Prov","01 Aug 2011",""
"4A","Holiday Parks","Holiday Parks","01 Aug 2011",""
"4B","Hospitality Services","Hospitality Services","01 Aug 2011",""
"4C","Hostels","Hostels","01 Aug 2011",""
"4D","Hotels","Hotels","01 Aug 2011",""
"4E","Membership Clubs","Membership Clubs","01 Aug 2011",""
"4F","Pubs, Bars & Nightclubs","Pubs, Bars & Nightclubs","01 Aug 2011",""
"5","Accident Repair","Accident Repair","01 Aug 2011",""
"50","Restaurants","Restaurants","01 Aug 2011",""
"51","Tourist Services","Tourist Services","01 Aug 2011",""
"52","Travel Services","Travel Services","01 Aug 2011",""
"53","Building Products","Building Products","01 Aug 2011",""
"54","Extractive & Mineral Processing","Extract & Mineral Process","01 Aug 2011",""
"55","Furniture, Furnishings and Interiors","Furniture, Furnish & Interiors","01 Aug 2011",""
"56","Glass","Glass","01 Aug 2011",""
"57","Print","Print","01 Aug 2011",""
"58","Activity Leadership","Activity Leadership","01 Aug 2011",""
"59","Caravans","Caravans","01 Aug 2011",""
"5A","Coaching","Coaching","01 Aug 2011",""
"5B","Health and Fitness","Health & Fitness","01 Aug 2011",""
"5C","Leisure Management","Leisure Manage","01 Aug 2011",""
"5D","Mechanical Ride Operations","Mechanical Ride Ops","01 Aug 2011",""
"5E","Officiating","Officiating","01 Aug 2011",""
"5F","Operational Services","Operational Services","01 Aug 2011",""
"6","Fast Fit Operations (Tyres, Exhausts, Batteries etc)","Fast Fit Operations","01 Aug 2011",""
"60","Outdoors","Outdoors","01 Aug 2011",""
"61","Playwork","Playwork","01 Aug 2011",""
"62","Spectator Safety","Spectator Safety","01 Aug 2011",""
"63","Sport and Play Surfaces","Sport & Play Surfaces","01 Aug 2011",""
"64","Sport and Recreation","Sport & Recreation","01 Aug 2011",""
"65","Sports Development","Sports Development","01 Aug 2011",""
"66","Health (including Health & Social Care)","Health (inc Health & Soc Care)","01 Aug 2011",""
"67","Optical (Retail & Manufacturing)","Optical (Retail & Manuf)","01 Aug 2011",""
"68","Substance Misuse (Drugs and Alcohol)","Substance Misuse","01 Aug 2011",""
"69","All","All","01 Aug 2011",""
"6A","Road Freight Haulage","Road Freight Haulage","01 Aug 2011",""
"6B","Warehousing and Storage","Warehousing & Storage","01 Aug 2011",""
"6C","Engineering & Manufacturing","Engineering & Manuf","01 Aug 2011",""
"6D","Science & Bioscience","Science & Bioscience","01 Aug 2011",""
"6E","Film","Film","01 Aug 2011",""
"6F","Television","Television","01 Aug 2011",""
"7","Light Vehicle Maintenance & Repair","Light Vehicle Maint & Repair","01 Aug 2011",""
"70","Custodial Care","Custodial Care","01 Aug 2011",""
"71","Fire & Rescue Services","Fire & Rescue Services","01 Aug 2011",""
"72","Buying / Merchandising","Buying / Merchandising","01 Aug 2011",""
"73","Retail","Retail","01 Aug 2011",""
"74","Retail Operations - General Sales and Service","Retail Ops - Gen Sales & Service","01 Aug 2011",""
"75","Retail Operations - Management","Retail Ops - Management","01 Aug 2011",""
"76","Retail Operations - Sales Professional","Retail Ops - Sales Prof","01 Aug 2011",""
"77","Retail Operations - Specialist Sales","Retail Ops - Spec Sales","01 Aug 2011",""
"78","Retail Operations - Visual Merchandiser","Retail Ops - Visual Merch","01 Aug 2011",""
"79","Building Services","Building Services","01 Aug 2011",""
"7A","Heating & Ventilating","Heating & Ventilating","01 Aug 2011",""
"7B","Plumbing","Plumbing","01 Aug 2011",""
"7C","Refrigeration & Air Conditioning","Refrige & Air Con","01 Aug 2011",""
"7D","Business & Administration","Business & Admin","01 Aug 2011",""
"7E","CCTV operators","CCTV operators","01 Aug 2011",""
"7F","Close Protection Operatives","Close Protection Ops","01 Aug 2011",""
"8","Motorcycle, Maintenance & Repair","Motorcycle, Maint & Repair","01 Aug 2011",""
"80","Door Supervisors","Door Supervisors","01 Aug 2011",""
"81","General security","General security","01 Aug 2011",""
"82","Security guards","Security guards","01 Aug 2011",""
"83","Contact Centres","Contact Centres","01 Aug 2011",""
"84","Customer Service","Customer Service","01 Aug 2011",""
"85","Enterprise","Enterprise","01 Aug 2011",""
"86","Industrial Relations","Industrial Relations","01 Aug 2011",""
"87","Management and Leadership","Management & Leadership","01 Aug 2011",""
"88","Marketing","Marketing","01 Aug 2011",""
"89","Sales and Telesales","Sales & Telesales","01 Aug 2011",""
"8A","Maritime","Maritime","01 Aug 2011",""
"8B","Adults","Adults","01 Aug 2011",""
"8C","Children","Children","01 Aug 2011",""
"8D","Generic (i.e. both Adults & Children)","Generic","01 Aug 2011",""
"8E","Languages","Languages","01 Aug 2011",""
"8F","Generic Health and Safety","Generic Health & Safety","01 Aug 2011",""
"9","Parts Distribution & Supply","Parts Distrib & Supply","01 Aug 2011",""
"A","Chemicals","Chemicals","01 Aug 2011",""
"B","Nuclear","Nuclear","01 Aug 2011",""
"C","Oil and Gas","Oil & Gas","01 Aug 2011",""
"D","Packaging","Packaging","01 Aug 2011",""
"E","Petroleum","Petroleum","01 Aug 2011",""
"F","Pharmaceuticals","Pharmaceuticals","01 Aug 2011",""
"U","Unknown","Unknown","01 Jan 2011",""
"X","Not Applicable","Not App","01 Aug 2011",""
