"MajorNumber","MinorNumber","MaintenanceNumber","MainDataSchemaName","RefDataSchemaName","ActivationDate","ExpiryDate","Description","Comment","Created_On","Created_By","Modified_On","Modified_By"
"1","0","0","Version_001","REF_Version_001","01 Jun 2014","","Frist Version of Schema","","01 Jul 2014","System","01 Jul 2014","System"
"2","0","0","Version_002","REF_Version_002","01 Jul 2014","","Second Version of Schema","","01 Jul 2014","System","01 Jul 2014","System"
"3","0","0","Version_003","REF_Version_003","01 Jul 2015","","Third Version of LARS","","15 May 2015","System","15 May 2015","System"
"4","0","0","Version_004","REF_Version_004","01 Jul 2016","","Fourth Version of LARS","","09 Aug 2016","System","09 Aug 2016","System"
